{"RMSE": 1.4945270838668654, "MAE": 1.2690350088949187, "_timestamp": 1745593778.3269904, "_runtime": 1.1829683780670166, "_step": 0, "_wandb": {"runtime": 1}}