{"RMSE": 1.495592811249163, "MAE": 1.2721892300397146, "_timestamp": 1745593745.3296988, "_runtime": 0.7493777275085449, "_step": 0, "_wandb": {"runtime": 0}}