{"_wandb":{"runtime":2},"_timestamp":1.7455924411428354e+09,"_runtime":1.399045027,"_step":0,"RMSE":1.4888563536534543,"MAE":1.2690298256230939}