{"RMSE": 1.5540208395950608, "MAE": 1.320315947254211, "_timestamp": 1745593842.3963513, "_runtime": 0.9469614028930664, "_step": 0, "_wandb": {"runtime": 0}}