{"RMSE": 1.5820983054694966, "MAE": 1.3547673952074748, "_timestamp": 1745593973.0398579, "_runtime": 0.9386217594146729, "_step": 0, "_wandb": {"runtime": 0}}