{"RMSE": 1.417715458964986, "MAE": 1.1836906284691908, "_timestamp": 1745593680.8472648, "_runtime": 1.3899247646331787, "_step": 0, "_wandb": {"runtime": 0}}