{"RMSE": 1.5664527042432421, "MAE": 1.3278067272689278, "_timestamp": 1745593891.575992, "_runtime": 0.7747070789337158, "_step": 0, "_wandb": {"runtime": 0}}