{"RMSE": 1.4904004108409656, "MAE": 1.2684224887947257, "_timestamp": 1745593713.0112145, "_runtime": 1.1930434703826904, "_step": 0, "_wandb": {"runtime": 0}}