{"RMSE": 1.4196808369970169, "MAE": 1.1966284096819086, "_timestamp": 1745593647.829878, "_runtime": 0.6026411056518555, "_step": 0, "_wandb": {"runtime": 0}}