{"_runtime":12.29825542,"_step":0,"_wandb":{"runtime":46},"execution_time":9.71807050704956,"_timestamp":1.7456666137811718e+09}