{"RMSE": 1.4164777649044578, "MAE": 1.190289253207299, "_timestamp": 1745593567.9954824, "_runtime": 1.181220531463623, "_step": 0, "_wandb": {"runtime": 0}}