{"RMSE": 1.5453171077598884, "MAE": 1.317826816849641, "_timestamp": 1745593923.916291, "_runtime": 0.7568130493164062, "_step": 0, "_wandb": {"runtime": 1}}