{"RMSE": 1.4893758040333107, "MAE": 1.2694855351806402, "_timestamp": 1745593729.6893172, "_runtime": 1.286574125289917, "_step": 0, "_wandb": {"runtime": 0}}