{"RMSE": 1.4886332826412285, "MAE": 1.2661783122378645, "_timestamp": 1745593762.349789, "_runtime": 1.3853240013122559, "_step": 0, "_wandb": {"runtime": 0}}