{"RMSE": 1.4151808326084983, "MAE": 1.190739704129106, "_timestamp": 1745593550.1471157, "_runtime": 0.7393317222595215, "_step": 0, "_wandb": {"runtime": 0}}