{"_timestamp":1.7455944010686767e+09,"_wandb":{"runtime":42},"_runtime":0.968259227,"_step":0,"RMSE":1.5636605643035322,"MAE":1.3290329423397795}