{"RMSE": 1.4910015802080356, "MAE": 1.2731540024356611, "_timestamp": 1745593794.4930599, "_runtime": 0.7658867835998535, "_step": 0, "_wandb": {"runtime": 0}}