format,save_time,load_time
csv,1.39939546585083,0.3121495246887207
parquet,0.19603967666625977,0.18195295333862305
feather,0.12449932098388672,0.14629721641540527
hdf5,0.22301340103149414,0.1387789249420166
pickle,0.12494754791259766,0.0652625560760498
