{"RMSE": 1.4032869948008593, "MAE": 1.1833769639822098, "_timestamp": 1745593632.073575, "_runtime": 0.7477309703826904, "_step": 0, "_wandb": {"runtime": 0}}