{"RMSE": 1.4150545018174994, "MAE": 1.192239200053127, "_timestamp": 1745593583.9606807, "_runtime": 1.1687188148498535, "_step": 0, "_wandb": {"runtime": 0}}