{"RMSE": 1.4194214762455157, "MAE": 1.1905998373481173, "_timestamp": 1745593616.085863, "_runtime": 0.9289391040802002, "_step": 0, "_wandb": {"runtime": 0}}