{"RMSE": 1.4908211787942538, "MAE": 1.2673799777368935, "_timestamp": 1745593811.0975533, "_runtime": 1.3907592296600342, "_step": 0, "_wandb": {"runtime": 0}}