{"_runtime":1.391648528,"_step":0,"_wandb":{"runtime":2},"RMSE":1.482559211483239,"MAE":1.2582943577800683,"_timestamp":1.7455926225918195e+09}