{"_wandb":{"runtime":1},"RMSE":1.5711189388218985,"_timestamp":1.7456779539497817e+09,"_runtime":1.402441181,"_step":0}