{"RMSE": 1.5232427227412961, "MAE": 1.3050177030725365, "_timestamp": 1745593956.6985562, "_runtime": 0.7730972766876221, "_step": 0, "_wandb": {"runtime": 0}}