{"RMSE": 1.546119405148527, "MAE": 1.3232624011754728, "_timestamp": 1745593907.9545631, "_runtime": 1.3845112323760986, "_step": 0, "_wandb": {"runtime": 0}}