processes,time
Single,0.008994579315185547
Multi-2,0.052344560623168945
Multi-4,0.028757095336914062
Multi-8,0.03600597381591797
