{"RMSE": 1.5405209548478873, "MAE": 1.3084715613183149, "_timestamp": 1745593940.108737, "_runtime": 0.7688369750976562, "_step": 0, "_wandb": {"runtime": 0}}