{"RMSE": 1.4736278846065782, "MAE": 1.2664100830044758, "_timestamp": 1745593826.8637784, "_runtime": 1.1824724674224854, "_step": 0, "_wandb": {"runtime": 0}}