{"_wandb":{"runtime":54},"RMSE":1.4990275888408893,"MAE":1.2772443628200847,"_timestamp":1.7455926690958648e+09,"_runtime":1.199209174,"_step":0}