{"RMSE": 1.5636302558187933, "MAE": 1.3265556422161608, "_timestamp": 1745593858.8044271, "_runtime": 0.753756046295166, "_step": 0, "_wandb": {"runtime": 1}}