{"RMSE": 1.5547493220861555, "MAE": 1.3168813921738838, "_timestamp": 1745593875.6530845, "_runtime": 0.8236665725708008, "_step": 0, "_wandb": {"runtime": 0}}