{"RMSE": 1.4133099555110449, "MAE": 1.1927238480021252, "_timestamp": 1745593599.8862689, "_runtime": 0.9202208518981934, "_step": 0, "_wandb": {"runtime": 0}}