{"RMSE": 1.4160436838992607, "MAE": 1.1887370145366327, "_timestamp": 1745593664.6626463, "_runtime": 1.1822853088378906, "_step": 0, "_wandb": {"runtime": 0}}