{"RMSE": 1.4927787529829282, "MAE": 1.2741542964053771, "_timestamp": 1745593697.2241764, "_runtime": 1.385615348815918, "_step": 0, "_wandb": {"runtime": 0}}